{
  "config": {
    "run_name": "exp1_2_L4_K128",
    "out_dir": "./results",
    "seed": 1795764826,
    "device": null,
    "bs_train": 128,
    "bs_test": 32,
    "batches": 100,
    "epochs": 30,
    "early_stopping": 3,
    "checkpoints": null,
    "lr": 0.001,
    "reg": 0.002,
    "filters_per_layer": [
      128
    ],
    "layers_per_block": 4,
    "pool_every": 4,
    "hidden_dims": [
      100
    ],
    "model_type": "cnn",
    "kw": {}
  },
  "results": {
    "num_epochs": 30,
    "train_loss": [
      1.9316997420787811,
      1.5895941495895385,
      1.4372117269039153,
      1.328255432844162,
      1.260783085823059,
      1.1841653728485106,
      1.15991750061512,
      1.1032038348913193,
      1.0735416835546494,
      1.0270128244161605,
      0.9747741442918777,
      0.9386500436067581,
      0.9125623965263366,
      0.8764909780025483,
      0.8547426533699035,
      0.8252623444795608,
      0.8104167300462722,
      0.7635942649841309,
      0.7506368070840835,
      0.7349347397685051,
      0.7095227432250977,
      0.6903263306617737,
      0.6617900502681732,
      0.6497024324536324,
      0.6361780673265457,
      0.6276249325275421,
      0.5997781327366829,
      0.5815406274795533,
      0.5813501992821694,
      0.5736978730559349
    ],
    "train_acc": [
      29.109375,
      42.34375,
      48.0390625,
      52.40625,
      54.671875,
      57.84375,
      58.671875,
      60.796875,
      61.8671875,
      63.4296875,
      65.5625,
      66.765625,
      68.03125,
      68.6953125,
      69.9453125,
      71.1171875,
      71.9921875,
      73.28125,
      73.6015625,
      74.671875,
      75.21875,
      76.375,
      77.2578125,
      77.5,
      78.1015625,
      78.3828125,
      79.3515625,
      79.78125,
      80.140625,
      80.546875
    ],
    "test_loss": [
      1.72575958609581,
      1.4890545749664306,
      1.3781670731306077,
      1.316942226290703,
      1.2640650814771652,
      1.2019099605083465,
      1.1336473691463471,
      1.11534434735775,
      1.1449196439981462,
      1.0806632965803147,
      1.0593694508075715,
      1.0208476543426515,
      1.056226721405983,
      0.9672403973340988,
      0.9615423548221588,
      1.0411488518118859,
      0.9566541838645936,
      0.9451740211248398,
      0.9414003351330757,
      0.9603853625059128,
      0.9374065312743187,
      0.9231461441516876,
      0.9268167346715928,
      0.9444908946752548,
      0.9432185766100883,
      0.9330757477879524,
      0.9558010169863701,
      0.9345917546749115,
      0.917939721941948,
      0.9453617283701896
    ],
    "test_acc": [
      38.34375,
      47.59375,
      51.0,
      52.3125,
      55.34375,
      57.34375,
      59.125,
      60.3125,
      59.6875,
      62.0,
      62.25,
      63.5,
      62.3125,
      65.875,
      66.6875,
      64.34375,
      66.25,
      67.09375,
      67.9375,
      66.25,
      67.46875,
      68.09375,
      67.75,
      68.03125,
      68.46875,
      67.96875,
      68.5,
      69.15625,
      67.71875,
      69.5
    ]
  }
}