{
  "config": {
    "run_name": "exp1_2_L2_K64",
    "out_dir": "./results",
    "seed": 424739848,
    "device": null,
    "bs_train": 128,
    "bs_test": 32,
    "batches": 100,
    "epochs": 30,
    "early_stopping": 3,
    "checkpoints": null,
    "lr": 0.001,
    "reg": 0.002,
    "filters_per_layer": [
      64
    ],
    "layers_per_block": 2,
    "pool_every": 4,
    "hidden_dims": [
      100
    ],
    "model_type": "cnn",
    "kw": {}
  },
  "results": {
    "num_epochs": 21,
    "train_loss": [
      1.9923235046863557,
      1.608250117301941,
      1.5094463515281678,
      1.4200793766975404,
      1.3677942049503327,
      1.3181900382041931,
      1.2835226011276246,
      1.2498798382282257,
      1.2490902352333069,
      1.2103180289268494,
      1.177950097322464,
      1.1538147342205047,
      1.164574943780899,
      1.145937449336052,
      1.108463056087494,
      1.1069912737607956,
      1.0862834030389785,
      1.0752739948034287,
      1.062130357027054,
      1.027840814590454,
      1.027654640674591
    ],
    "train_acc": [
      27.359375,
      41.9921875,
      45.3125,
      48.6328125,
      50.59375,
      53.34375,
      54.53125,
      55.625,
      55.9296875,
      56.890625,
      58.09375,
      59.4609375,
      58.828125,
      59.8203125,
      60.640625,
      60.8359375,
      61.1484375,
      61.7734375,
      61.8671875,
      63.65625,
      63.671875
    ],
    "test_loss": [
      1.7348403179645537,
      1.5129831111431122,
      1.460876226425171,
      1.3758390218019485,
      1.3809187173843385,
      1.3249520725011825,
      1.290911535024643,
      1.2570975852012634,
      1.2365160697698594,
      1.234915279150009,
      1.2381297224760055,
      1.2213874620199203,
      1.172127833366394,
      1.1797779828310013,
      1.1657209724187851,
      1.182590875029564,
      1.1231374925374984,
      1.122541943192482,
      1.1523454368114472,
      1.165835852622986,
      1.1807640874385834
    ],
    "test_acc": [
      38.28125,
      46.34375,
      47.25,
      50.9375,
      49.78125,
      51.59375,
      54.53125,
      55.15625,
      55.25,
      55.59375,
      56.0,
      55.8125,
      57.53125,
      56.21875,
      58.21875,
      57.46875,
      60.0,
      61.0625,
      59.0625,
      59.28125,
      58.15625
    ]
  }
}