{
  "config": {
    "run_name": "exp1_4_L2_K64-128-256",
    "out_dir": "./results",
    "seed": 1079044122,
    "device": null,
    "bs_train": 128,
    "bs_test": 32,
    "batches": 100,
    "epochs": 30,
    "early_stopping": 3,
    "checkpoints": null,
    "lr": 0.001,
    "reg": 0.002,
    "filters_per_layer": [
      64,
      128,
      256
    ],
    "layers_per_block": 2,
    "pool_every": 8,
    "hidden_dims": [
      100
    ],
    "model_type": "resnet",
    "kw": {}
  },
  "results": {
    "num_epochs": 27,
    "train_loss": [
      2.9837896275520324,
      1.975370658636093,
      1.707477287054062,
      1.5551808774471283,
      1.4762978267669677,
      1.3942999398708344,
      1.3196958374977112,
      1.2740420711040497,
      1.2384754920005798,
      1.2045323848724365,
      1.1822986060380936,
      1.1500789058208465,
      1.096697109937668,
      1.0923184502124785,
      1.0862869131565094,
      1.056961594223976,
      1.0338422358036041,
      1.0018700659275055,
      1.012808109521866,
      0.974257618188858,
      0.9497262358665466,
      0.9289096981287003,
      0.9317455756664276,
      0.8928909116983413,
      0.886596851348877,
      0.878622984290123,
      0.8634801781177521
    ],
    "train_acc": [
      11.25,
      28.296875,
      38.2265625,
      43.6171875,
      47.2109375,
      49.9375,
      52.4140625,
      54.671875,
      55.0703125,
      57.1171875,
      58.203125,
      59.3984375,
      61.3203125,
      61.34375,
      61.4765625,
      62.5703125,
      63.828125,
      64.1953125,
      63.4609375,
      65.5078125,
      66.453125,
      67.1015625,
      66.6875,
      68.390625,
      68.59375,
      69.1484375,
      69.7421875
    ],
    "test_loss": [
      2.2482244098186492,
      1.7559195125102998,
      1.5839705061912537,
      1.4913075077533722,
      1.4277471435070037,
      1.3375282609462738,
      1.3360836398601532,
      1.3502080422639846,
      1.2477120327949525,
      1.2098291146755218,
      1.17192611515522,
      1.2304344648122787,
      1.261388891339302,
      1.1662127554416657,
      1.1955711406469345,
      1.1479312878847123,
      1.1524797242879867,
      1.1086994606256484,
      1.151372681260109,
      1.0978030782938004,
      1.0868902891874312,
      1.1468620985746383,
      1.05232808470726,
      1.001878908276558,
      1.0690157610177993,
      1.0414898198843003,
      1.0418418270349503
    ],
    "test_acc": [
      19.65625,
      35.6875,
      42.09375,
      45.4375,
      47.59375,
      51.34375,
      51.65625,
      51.71875,
      53.90625,
      55.96875,
      57.34375,
      55.5625,
      55.71875,
      57.8125,
      56.625,
      58.84375,
      58.625,
      59.46875,
      58.5625,
      61.75,
      61.28125,
      60.40625,
      63.28125,
      63.8125,
      62.90625,
      63.0625,
      63.25
    ]
  }
}