{
  "config": {
    "run_name": "exp1_2_L8_K64",
    "out_dir": "./results",
    "seed": 939185631,
    "device": null,
    "bs_train": 128,
    "bs_test": 32,
    "batches": 100,
    "epochs": 30,
    "early_stopping": 3,
    "checkpoints": null,
    "lr": 0.001,
    "reg": 0.002,
    "filters_per_layer": [
      64
    ],
    "layers_per_block": 8,
    "pool_every": 4,
    "hidden_dims": [
      100
    ],
    "model_type": "cnn",
    "kw": {}
  },
  "results": {
    "num_epochs": 11,
    "train_loss": [
      2.3042153334617614,
      2.303010084629059,
      2.3030586361885073,
      2.303070454597473,
      2.30305757522583,
      2.302834939956665,
      2.302757971286774,
      2.30282684803009,
      2.3027218890190126,
      2.3025371646881103,
      2.302835373878479
    ],
    "train_acc": [
      9.875,
      10.140625,
      9.859375,
      9.6171875,
      9.7265625,
      10.328125,
      9.671875,
      9.796875,
      9.875,
      9.9375,
      10.078125
    ],
    "test_loss": [
      2.3029497408866884,
      2.30312748670578,
      2.3031856632232666,
      2.3029010605812075,
      2.3026903080940246,
      2.302913866043091,
      2.302800989151001,
      2.3025930976867675,
      2.3025350737571717,
      2.303007438182831,
      2.302849428653717
    ],
    "test_acc": [
      9.84375,
      10.125,
      9.84375,
      9.65625,
      10.46875,
      9.65625,
      9.75,
      10.5,
      10.5,
      9.65625,
      9.84375
    ]
  }
}