{
  "config": {
    "run_name": "exp1_1_L2_K64",
    "out_dir": "./results",
    "seed": 226259829,
    "device": null,
    "bs_train": 128,
    "bs_test": 32,
    "batches": 100,
    "epochs": 30,
    "early_stopping": 3,
    "checkpoints": null,
    "lr": 0.001,
    "reg": 0.002,
    "filters_per_layer": [
      64
    ],
    "layers_per_block": 2,
    "pool_every": 4,
    "hidden_dims": [
      100
    ],
    "model_type": "cnn",
    "kw": {}
  },
  "results": {
    "num_epochs": 13,
    "train_loss": [
      1.9980781197547912,
      1.6172419607639312,
      1.4882817161083222,
      1.436603420972824,
      1.3757521677017213,
      1.337990550994873,
      1.3044376027584077,
      1.2629907953739166,
      1.2623762613534928,
      1.245609874725342,
      1.2163517558574677,
      1.195402764081955,
      1.1777032965421677
    ],
    "train_acc": [
      28.015625,
      42.3125,
      46.734375,
      48.484375,
      50.5078125,
      51.5078125,
      53.375,
      55.2109375,
      55.21875,
      55.6640625,
      56.609375,
      57.796875,
      58.578125
    ],
    "test_loss": [
      1.6999557101726532,
      1.5101266825199127,
      1.457197016477585,
      1.3593562096357346,
      1.3637651795148849,
      1.3183901917934417,
      1.2897300374507905,
      1.2921371519565583,
      1.276298776268959,
      1.239935920238495,
      1.2299676287174224,
      1.2202821546792983,
      1.2242653632164002
    ],
    "test_acc": [
      39.4375,
      46.03125,
      47.53125,
      51.34375,
      52.0,
      53.0625,
      54.5625,
      54.03125,
      55.21875,
      56.25,
      55.4375,
      55.9375,
      56.1875
    ]
  }
}