{
  "config": {
    "run_name": "exp1_2_L2_K32",
    "out_dir": "./results",
    "seed": 898117029,
    "device": null,
    "bs_train": 128,
    "bs_test": 32,
    "batches": 100,
    "epochs": 30,
    "early_stopping": 3,
    "checkpoints": null,
    "lr": 0.001,
    "reg": 0.002,
    "filters_per_layer": [
      32
    ],
    "layers_per_block": 2,
    "pool_every": 4,
    "hidden_dims": [
      100
    ],
    "model_type": "cnn",
    "kw": {}
  },
  "results": {
    "num_epochs": 13,
    "train_loss": [
      1.9384612917900086,
      1.5949692928791046,
      1.4941428303718567,
      1.4285260760784149,
      1.3810537445545197,
      1.337108552455902,
      1.2862333607673646,
      1.2883178758621217,
      1.2443342769145966,
      1.2261933636665345,
      1.2040467494726181,
      1.1935423409938812,
      1.1788858360052108
    ],
    "train_acc": [
      29.359375,
      43.3125,
      46.421875,
      48.8203125,
      50.4921875,
      51.7109375,
      53.7578125,
      54.3515625,
      55.84375,
      56.078125,
      57.3125,
      57.875,
      58.46875
    ],
    "test_loss": [
      1.6890720236301422,
      1.4930267119407654,
      1.4515008270740508,
      1.3985850024223327,
      1.3644734770059586,
      1.3026503670215606,
      1.3228582215309144,
      1.282668914794922,
      1.2687223029136658,
      1.229700168967247,
      1.2869690799713134,
      1.264531432390213,
      1.2648797887563705
    ],
    "test_acc": [
      39.875,
      46.625,
      47.71875,
      50.25,
      50.21875,
      53.5,
      52.125,
      54.5625,
      54.96875,
      56.03125,
      54.8125,
      54.3125,
      54.4375
    ]
  }
}