{
  "config": {
    "run_name": "exp1_2_L4_K32",
    "out_dir": "./results",
    "seed": 1395053823,
    "device": null,
    "bs_train": 128,
    "bs_test": 32,
    "batches": 100,
    "epochs": 30,
    "early_stopping": 3,
    "checkpoints": null,
    "lr": 0.001,
    "reg": 0.002,
    "filters_per_layer": [
      32
    ],
    "layers_per_block": 4,
    "pool_every": 4,
    "hidden_dims": [
      100
    ],
    "model_type": "cnn",
    "kw": {}
  },
  "results": {
    "num_epochs": 30,
    "train_loss": [
      2.0404064977169036,
      1.7149059510231017,
      1.5790377366542816,
      1.4986125195026399,
      1.4502032959461213,
      1.40185213804245,
      1.347866028547287,
      1.293546931743622,
      1.270147922039032,
      1.2440586578845978,
      1.1824825489521027,
      1.1619721746444702,
      1.1156321066617965,
      1.0660771036148071,
      1.0706801503896712,
      1.0346900433301927,
      0.9936866283416748,
      0.9848922055959701,
      0.9485202217102051,
      0.9469812089204788,
      0.9160908055305481,
      0.8990574908256531,
      0.8617390656471252,
      0.8579837173223496,
      0.8291995751857758,
      0.8068449819087982,
      0.7801400917768478,
      0.7838950705528259,
      0.7559001648426056,
      0.7354972791671753
    ],
    "train_acc": [
      25.25,
      38.2578125,
      43.0390625,
      46.359375,
      47.0625,
      48.8125,
      51.3828125,
      52.8359375,
      55.03125,
      55.328125,
      57.9765625,
      58.6328125,
      60.234375,
      62.3828125,
      62.0,
      63.2421875,
      64.875,
      65.5625,
      66.328125,
      66.7421875,
      67.953125,
      68.4140625,
      69.3671875,
      69.8125,
      70.53125,
      71.9296875,
      72.3828125,
      72.9765625,
      73.546875,
      74.109375
    ],
    "test_loss": [
      1.8062152290344238,
      1.5905584812164306,
      1.49935400724411,
      1.4917520475387573,
      1.4005353224277497,
      1.362209290266037,
      1.3290031188726426,
      1.313135762810707,
      1.2453369575738906,
      1.2601321130990981,
      1.2056941348314285,
      1.2142931753396988,
      1.1955650496482848,
      1.161400972008705,
      1.1243367105722428,
      1.121657355427742,
      1.124365263581276,
      1.0874901646375656,
      1.077300905585289,
      1.0730331814289094,
      1.0120575499534608,
      1.0639208793640136,
      1.0258801406621934,
      1.0455781280994416,
      1.0261490744352342,
      0.9987740129232406,
      1.040461028814316,
      1.06372004032135,
      0.9985297983884811,
      1.0653325748443603
    ],
    "test_acc": [
      36.4375,
      43.5,
      45.875,
      47.09375,
      49.28125,
      50.0625,
      51.8125,
      52.8125,
      55.78125,
      54.9375,
      56.28125,
      57.1875,
      57.625,
      58.0625,
      60.25,
      60.40625,
      60.65625,
      61.84375,
      61.75,
      61.0625,
      63.21875,
      62.65625,
      63.28125,
      63.4375,
      63.875,
      64.96875,
      63.46875,
      63.875,
      65.15625,
      63.375
    ]
  }
}