{
  "config": {
    "run_name": "exp1_2_L4_K64",
    "out_dir": "./results",
    "seed": 130404828,
    "device": null,
    "bs_train": 128,
    "bs_test": 32,
    "batches": 100,
    "epochs": 30,
    "early_stopping": 3,
    "checkpoints": null,
    "lr": 0.001,
    "reg": 0.002,
    "filters_per_layer": [
      64
    ],
    "layers_per_block": 4,
    "pool_every": 4,
    "hidden_dims": [
      100
    ],
    "model_type": "cnn",
    "kw": {}
  },
  "results": {
    "num_epochs": 16,
    "train_loss": [
      1.9404657971858978,
      1.587265478372574,
      1.4466867995262147,
      1.3516976094245912,
      1.2901985079050065,
      1.2190236741304397,
      1.1713703894615173,
      1.1204125416278838,
      1.08059141933918,
      1.0552036249637604,
      1.0087636905908584,
      0.9849886530637741,
      0.9354141134023667,
      0.8876287257671356,
      0.8919256305694581,
      0.846342402100563
    ],
    "train_acc": [
      29.3671875,
      42.890625,
      47.984375,
      51.671875,
      53.4453125,
      56.765625,
      58.3203125,
      60.4921875,
      61.671875,
      62.8359375,
      64.2265625,
      65.328125,
      67.1953125,
      68.7890625,
      68.546875,
      70.109375
    ],
    "test_loss": [
      1.706008780002594,
      1.4991942739486694,
      1.334896896481514,
      1.3476796752214433,
      1.2564272558689118,
      1.2910889607667924,
      1.2054684299230576,
      1.1429161840677262,
      1.124461207985878,
      1.1134198504686355,
      1.069809377193451,
      1.0654174566268921,
      1.0238935524225234,
      1.0196321892738343,
      1.023294009566307,
      1.0304855555295944
    ],
    "test_acc": [
      39.09375,
      44.6875,
      51.59375,
      51.78125,
      54.40625,
      53.15625,
      56.75,
      59.15625,
      60.75,
      59.3125,
      61.375,
      61.59375,
      64.53125,
      63.625,
      64.5,
      64.3125
    ]
  }
}