{
  "config": {
    "run_name": "exp1_1_L2_K32",
    "out_dir": "./results",
    "seed": 454371038,
    "device": null,
    "bs_train": 128,
    "bs_test": 32,
    "batches": 100,
    "epochs": 30,
    "early_stopping": 3,
    "checkpoints": null,
    "lr": 0.001,
    "reg": 0.002,
    "filters_per_layer": [
      32
    ],
    "layers_per_block": 2,
    "pool_every": 4,
    "hidden_dims": [
      100
    ],
    "model_type": "cnn",
    "kw": {}
  },
  "results": {
    "num_epochs": 26,
    "train_loss": [
      1.8583223927021026,
      1.5570818030834197,
      1.4399609422683717,
      1.3512240386009216,
      1.3049079382419586,
      1.2458119642734529,
      1.2305006897449493,
      1.1986202645301818,
      1.1901907742023468,
      1.154487441778183,
      1.1459998720884323,
      1.1096225613355637,
      1.105251463651657,
      1.0797304153442382,
      1.0457807284593583,
      1.0230174881219865,
      1.0193662494421005,
      1.0025102525949479,
      0.9961826348304749,
      0.9769074386358261,
      0.9538906222581863,
      0.9485723251104354,
      0.9253584814071655,
      0.9303441345691681,
      0.9132234978675843,
      0.8988284814357758
    ],
    "train_acc": [
      33.25,
      43.828125,
      47.9453125,
      51.4765625,
      53.4375,
      55.96875,
      56.375,
      57.921875,
      57.828125,
      59.28125,
      59.28125,
      60.484375,
      60.7890625,
      61.890625,
      63.4375,
      63.9140625,
      64.296875,
      65.015625,
      65.5546875,
      66.0078125,
      66.40625,
      66.671875,
      67.84375,
      67.2734375,
      67.1640625,
      68.1875
    ],
    "test_loss": [
      1.640209392309189,
      1.464666336774826,
      1.3950032150745393,
      1.343710146546364,
      1.2777561992406845,
      1.2933235377073289,
      1.2755014783143996,
      1.248872162103653,
      1.243835093975067,
      1.2131257939338684,
      1.19034459233284,
      1.1542786580324174,
      1.1792751777172088,
      1.184210444688797,
      1.15381089925766,
      1.1777719062566758,
      1.1623680436611175,
      1.1422125512361527,
      1.1231344813108444,
      1.1551001393795013,
      1.1323911660909654,
      1.1137847518920898,
      1.0870216804742814,
      1.112652217745781,
      1.1222653687000275,
      1.1505854964256286
    ],
    "test_acc": [
      41.53125,
      47.65625,
      50.28125,
      52.0,
      54.15625,
      53.5,
      54.96875,
      55.21875,
      55.75,
      56.71875,
      56.96875,
      58.625,
      58.125,
      57.5625,
      59.0625,
      59.03125,
      59.15625,
      60.03125,
      59.9375,
      59.0625,
      60.3125,
      60.75,
      62.125,
      60.65625,
      60.3125,
      60.125
    ]
  }
}