{
  "config": {
    "run_name": "exp1_3_L2_K64-128-256",
    "out_dir": "./results",
    "seed": 1134773121,
    "device": null,
    "bs_train": 128,
    "bs_test": 32,
    "batches": 100,
    "epochs": 30,
    "early_stopping": 3,
    "checkpoints": null,
    "lr": 0.001,
    "reg": 0.002,
    "filters_per_layer": [
      64,
      128,
      256
    ],
    "layers_per_block": 2,
    "pool_every": 4,
    "hidden_dims": [
      100
    ],
    "model_type": "cnn",
    "kw": {}
  },
  "results": {
    "num_epochs": 30,
    "train_loss": [
      2.0621883261203764,
      1.8072084152698518,
      1.6395592033863067,
      1.5316035449504852,
      1.4866381406784057,
      1.3964149701595305,
      1.3370990037918091,
      1.2882087588310243,
      1.2306279921531678,
      1.1795111560821534,
      1.1574491757154464,
      1.1234290707111358,
      1.0955086147785187,
      1.0863609367609024,
      1.0668841367959976,
      1.0276756650209427,
      1.0022057843208314,
      0.9658792650699616,
      0.9556351912021637,
      0.9454996752738952,
      0.9086702978610992,
      0.8977450484037399,
      0.8902826356887817,
      0.8616588354110718,
      0.8464881879091263,
      0.8113917577266693,
      0.7860382491350174,
      0.7493782323598862,
      0.7553425610065461,
      0.7176934263110161
    ],
    "train_acc": [
      23.5,
      33.6953125,
      39.4921875,
      43.3359375,
      45.5625,
      48.7734375,
      52.0390625,
      53.53125,
      55.9140625,
      57.84375,
      58.546875,
      59.421875,
      60.6796875,
      61.2265625,
      61.6953125,
      63.640625,
      63.921875,
      65.78125,
      65.90625,
      66.296875,
      67.953125,
      68.1171875,
      68.796875,
      69.75,
      70.5546875,
      71.46875,
      72.125,
      73.640625,
      73.578125,
      74.9453125
    ],
    "test_loss": [
      1.8741421318054199,
      1.6872636568546295,
      1.5545209980010986,
      1.4777549028396606,
      1.441140512228012,
      1.3307546764612197,
      1.318206906914711,
      1.2731411701440811,
      1.2399015676975251,
      1.202321794629097,
      1.1767200499773025,
      1.1538361144065856,
      1.1788650155067444,
      1.1327331423759461,
      1.1515388023853301,
      1.085958136320114,
      1.0722040772438048,
      1.0767960417270661,
      1.031336933374405,
      1.0470678347349167,
      1.027416256070137,
      0.9960985916852951,
      1.0425089406967163,
      0.9689358395338058,
      0.9872259044647217,
      0.9634845471382141,
      0.9146437773108482,
      0.9175709301233291,
      0.9431849411129951,
      0.9678329268097877
    ],
    "test_acc": [
      32.34375,
      38.0,
      42.96875,
      45.15625,
      47.3125,
      52.34375,
      51.96875,
      53.96875,
      55.125,
      56.8125,
      56.65625,
      58.46875,
      58.28125,
      59.3125,
      59.28125,
      60.9375,
      62.0625,
      60.53125,
      62.84375,
      62.875,
      63.53125,
      64.84375,
      61.75,
      65.625,
      64.9375,
      66.4375,
      68.125,
      67.625,
      67.65625,
      67.0
    ]
  }
}