{
  "config": {
    "run_name": "exp1_3_L4_K64-128-256",
    "out_dir": "./results",
    "seed": 1211721135,
    "device": null,
    "bs_train": 128,
    "bs_test": 32,
    "batches": 100,
    "epochs": 30,
    "early_stopping": 3,
    "checkpoints": null,
    "lr": 0.001,
    "reg": 0.002,
    "filters_per_layer": [
      64,
      128,
      256
    ],
    "layers_per_block": 4,
    "pool_every": 4,
    "hidden_dims": [
      100
    ],
    "model_type": "cnn",
    "kw": {}
  },
  "results": {
    "num_epochs": 6,
    "train_loss": [
      2.3028097915649415,
      2.302835304737091,
      2.3027587056159975,
      2.302768769264221,
      2.3027590703964234,
      2.3026354813575747
    ],
    "train_acc": [
      9.859375,
      9.9609375,
      10.21875,
      10.03125,
      9.765625,
      10.2578125
    ],
    "test_loss": [
      2.3029684352874757,
      2.3026835536956787,
      2.302558197975159,
      2.3025851440429688,
      2.3026620030403135,
      2.3026715517044067
    ],
    "test_acc": [
      9.84375,
      10.125,
      10.21875,
      10.21875,
      9.84375,
      10.125
    ]
  }
}