{
  "config": {
    "run_name": "exp1_3_L3_K64-128-256",
    "out_dir": "./results",
    "seed": 1073439905,
    "device": null,
    "bs_train": 128,
    "bs_test": 32,
    "batches": 100,
    "epochs": 30,
    "early_stopping": 3,
    "checkpoints": null,
    "lr": 0.001,
    "reg": 0.002,
    "filters_per_layer": [
      64,
      128,
      256
    ],
    "layers_per_block": 3,
    "pool_every": 4,
    "hidden_dims": [
      100
    ],
    "model_type": "cnn",
    "kw": {}
  },
  "results": {
    "num_epochs": 7,
    "train_loss": [
      2.3038346338272095,
      2.303175871372223,
      2.302834892272949,
      2.3027760577201843,
      2.3027690958976748,
      2.302826883792877,
      2.302861337661743
    ],
    "train_acc": [
      9.890625,
      9.7578125,
      10.0078125,
      10.0859375,
      9.8828125,
      9.7578125,
      9.6875
    ],
    "test_loss": [
      2.3029764699935913,
      2.30269766330719,
      2.302868177890778,
      2.302567844390869,
      2.302561764717102,
      2.3026177191734316,
      2.3025920486450193
    ],
    "test_acc": [
      10.21875,
      10.21875,
      9.96875,
      10.46875,
      10.21875,
      10.21875,
      9.65625
    ]
  }
}