{
  "config": {
    "run_name": "exp1_4_L8_K64-128-256",
    "out_dir": "./results",
    "seed": 1773444132,
    "device": null,
    "bs_train": 128,
    "bs_test": 32,
    "batches": 100,
    "epochs": 30,
    "early_stopping": 3,
    "checkpoints": null,
    "lr": 0.001,
    "reg": 0.002,
    "filters_per_layer": [
      64,
      128,
      256
    ],
    "layers_per_block": 8,
    "pool_every": 8,
    "hidden_dims": [
      100
    ],
    "model_type": "resnet",
    "kw": {}
  },
  "results": {
    "num_epochs": 9,
    "train_loss": [
      2.1053626894950868,
      1.8102726602554322,
      1.686437772512436,
      1.6278275907039643,
      1.5749771046638488,
      1.531686508655548,
      1.5189784598350524,
      1.4874627327919006,
      1.4780735492706298
    ],
    "train_acc": [
      22.1015625,
      35.5,
      39.9140625,
      42.25,
      43.4765625,
      45.1171875,
      45.265625,
      46.5546875,
      47.1015625
    ],
    "test_loss": [
      1.978323484659195,
      1.690780200958252,
      1.6189070951938629,
      1.559297926425934,
      1.529329274892807,
      1.4807660460472107,
      1.5416493046283721,
      1.5029323828220367,
      1.5218529736995696
    ],
    "test_acc": [
      27.96875,
      39.84375,
      41.71875,
      44.0,
      44.875,
      46.1875,
      44.25,
      45.1875,
      45.96875
    ]
  }
}