{
  "config": {
    "run_name": "exp1_1_L4_K32",
    "out_dir": "./results",
    "seed": 2095308951,
    "device": null,
    "bs_train": 128,
    "bs_test": 32,
    "batches": 100,
    "epochs": 30,
    "early_stopping": 3,
    "checkpoints": null,
    "lr": 0.001,
    "reg": 0.002,
    "filters_per_layer": [
      32
    ],
    "layers_per_block": 4,
    "pool_every": 4,
    "hidden_dims": [
      100
    ],
    "model_type": "cnn",
    "kw": {}
  },
  "results": {
    "num_epochs": 30,
    "train_loss": [
      2.029354804754257,
      1.6918053781986238,
      1.548545663356781,
      1.455533390045166,
      1.372930850982666,
      1.3218581593036651,
      1.2729507994651794,
      1.2306228595972062,
      1.1860621356964112,
      1.1443592077493667,
      1.1077570694684982,
      1.0451339656114578,
      1.0511057883501054,
      1.0018465584516525,
      0.9783185356855393,
      0.9482153618335724,
      0.9266031050682068,
      0.897831255197525,
      0.87515345454216,
      0.8461376714706421,
      0.8259562528133393,
      0.8097626698017121,
      0.7949095582962036,
      0.7700653755664826,
      0.7462441003322602,
      0.7231469902396203,
      0.7187863576412201,
      0.6771563667058945,
      0.6784790971875191,
      0.6820485132932663
    ],
    "train_acc": [
      25.1953125,
      38.859375,
      43.8984375,
      47.7421875,
      50.8515625,
      52.3125,
      54.1171875,
      55.7578125,
      57.953125,
      58.921875,
      60.75,
      62.328125,
      63.171875,
      64.6640625,
      66.0,
      67.140625,
      67.359375,
      68.34375,
      69.6796875,
      70.234375,
      71.3671875,
      72.0859375,
      72.15625,
      73.3984375,
      74.28125,
      74.8984375,
      75.125,
      76.5,
      76.3828125,
      76.4453125
    ],
    "test_loss": [
      1.8534087789058686,
      1.553680455684662,
      1.4641707289218902,
      1.3903960812091827,
      1.3626237642765044,
      1.3321103644371033,
      1.26243747651577,
      1.2302429729700088,
      1.2019273734092712,
      1.1716734790802001,
      1.16485205411911,
      1.1192981719970703,
      1.080326926112175,
      1.1224541056156159,
      1.1005988752841949,
      1.0315670937299728,
      1.038430312871933,
      1.0041760724782944,
      1.021694009900093,
      0.9910074609518051,
      1.0133869224786758,
      0.9863647264242172,
      1.0636572098731996,
      1.0373031240701676,
      1.0127043867111205,
      1.021402533054352,
      0.9798977172374725,
      1.02580933123827,
      1.011773179769516,
      0.9948852598667145
    ],
    "test_acc": [
      33.375,
      44.15625,
      47.28125,
      48.75,
      51.65625,
      51.71875,
      54.21875,
      56.125,
      57.46875,
      58.25,
      58.09375,
      59.96875,
      61.25,
      60.0,
      60.4375,
      62.78125,
      63.6875,
      64.09375,
      64.0,
      65.0,
      64.65625,
      65.25,
      62.96875,
      64.125,
      65.625,
      65.375,
      66.3125,
      64.65625,
      65.6875,
      65.03125
    ]
  }
}