{
  "config": {
    "run_name": "exp1_4_L16_K32",
    "out_dir": "./results",
    "seed": 878631683,
    "device": null,
    "bs_train": 128,
    "bs_test": 32,
    "batches": 100,
    "epochs": 30,
    "early_stopping": 3,
    "checkpoints": null,
    "lr": 0.001,
    "reg": 0.002,
    "filters_per_layer": [
      32
    ],
    "layers_per_block": 16,
    "pool_every": 8,
    "hidden_dims": [
      100
    ],
    "model_type": "resnet",
    "kw": {}
  },
  "results": {
    "num_epochs": 30,
    "train_loss": [
      2.054704654216766,
      1.7712422072887422,
      1.6468730890750884,
      1.586053067445755,
      1.5401271343231202,
      1.487406393289566,
      1.4322237837314606,
      1.4243326842784882,
      1.3562857294082642,
      1.3429868197441102,
      1.2986964213848113,
      1.2710037267208099,
      1.2603812777996064,
      1.1901800310611725,
      1.167738800048828,
      1.144462053179741,
      1.1166598296165466,
      1.1055860644578934,
      1.0708252269029617,
      1.0479348981380463,
      1.0219788712263107,
      1.018334146142006,
      1.0107990193367005,
      0.9714938092231751,
      0.9508846658468246,
      0.9465525686740875,
      0.9368014162778855,
      0.9098913913965225,
      0.8995548087358475,
      0.8975924062728882
    ],
    "train_acc": [
      25.3359375,
      36.53125,
      40.53125,
      42.3125,
      43.953125,
      45.3984375,
      47.7890625,
      48.3203125,
      51.703125,
      51.5234375,
      53.7578125,
      54.46875,
      54.9453125,
      57.234375,
      58.5546875,
      59.5546875,
      60.3828125,
      60.421875,
      62.015625,
      63.1796875,
      63.6328125,
      64.6875,
      64.3984375,
      65.5546875,
      66.4765625,
      66.7578125,
      67.53125,
      67.9765625,
      68.703125,
      68.5546875
    ],
    "test_loss": [
      1.8702880775928497,
      1.644796941280365,
      1.6652895879745484,
      1.533662837743759,
      1.4789917826652528,
      1.4519573473930358,
      1.4394182407855987,
      1.3992221426963807,
      1.3652054369449615,
      1.3453039932250976,
      1.2689282757043838,
      1.247885360121727,
      1.256667314171791,
      1.1849981915950776,
      1.154842579960823,
      1.132469378709793,
      1.1184627163410186,
      1.1149550420045853,
      1.138780905008316,
      1.0730479949712752,
      1.1026465231180191,
      1.043008303642273,
      1.0166274267435074,
      0.9863488471508026,
      1.0204120123386382,
      1.0552144783735276,
      0.987642730474472,
      0.9761343729496003,
      0.966742639541626,
      0.9529026329517365
    ],
    "test_acc": [
      33.4375,
      40.5,
      40.25,
      44.03125,
      45.75,
      46.03125,
      48.46875,
      48.90625,
      50.34375,
      51.65625,
      54.375,
      54.78125,
      55.53125,
      56.9375,
      57.5625,
      59.53125,
      60.0625,
      59.21875,
      59.21875,
      62.5,
      61.09375,
      63.34375,
      63.71875,
      64.71875,
      64.3125,
      63.09375,
      65.40625,
      66.0,
      66.0,
      66.3125
    ]
  }
}