{
  "config": {
    "run_name": "exp1_2_L2_K128",
    "out_dir": "./results",
    "seed": 2003564344,
    "device": null,
    "bs_train": 128,
    "bs_test": 32,
    "batches": 100,
    "epochs": 30,
    "early_stopping": 3,
    "checkpoints": null,
    "lr": 0.001,
    "reg": 0.002,
    "filters_per_layer": [
      128
    ],
    "layers_per_block": 2,
    "pool_every": 4,
    "hidden_dims": [
      100
    ],
    "model_type": "cnn",
    "kw": {}
  },
  "results": {
    "num_epochs": 19,
    "train_loss": [
      2.0415667366981505,
      1.671051641702652,
      1.583557401895523,
      1.536937415599823,
      1.4810603547096253,
      1.4608541858196258,
      1.4018391501903533,
      1.3759696233272551,
      1.3598511445522308,
      1.3450633144378663,
      1.311588295698166,
      1.283402818441391,
      1.2787395894527436,
      1.258230241537094,
      1.2497831416130065,
      1.2249325096607209,
      1.2002752673625947,
      1.2016857194900512,
      1.1994821339845658
    ],
    "train_acc": [
      26.8203125,
      39.59375,
      42.7421875,
      44.765625,
      46.171875,
      47.078125,
      49.9296875,
      50.6171875,
      51.3515625,
      52.015625,
      53.09375,
      54.2578125,
      54.9609375,
      55.234375,
      54.984375,
      55.9296875,
      57.109375,
      57.5859375,
      57.1875
    ],
    "test_loss": [
      1.7197403919696808,
      1.6031810879707336,
      1.6255209422111512,
      1.4693647181987763,
      1.4554398560523987,
      1.4174427390098572,
      1.4641918301582337,
      1.3761562275886536,
      1.3751354426145554,
      1.3706956934928893,
      1.3581111896038056,
      1.328244884610176,
      1.314726094007492,
      1.3112748450040816,
      1.3119029259681703,
      1.266155294775963,
      1.2891467994451522,
      1.2646757793426513,
      1.2590271836519242
    ],
    "test_acc": [
      38.3125,
      43.1875,
      42.65625,
      46.65625,
      48.40625,
      49.8125,
      46.46875,
      50.25,
      51.1875,
      50.34375,
      51.5625,
      51.84375,
      52.78125,
      52.5625,
      52.65625,
      54.71875,
      53.84375,
      54.65625,
      54.6875
    ]
  }
}