{
  "config": {
    "run_name": "exp1_1_L8_K64",
    "out_dir": "./results",
    "seed": 1516720588,
    "device": null,
    "bs_train": 128,
    "bs_test": 32,
    "batches": 100,
    "epochs": 30,
    "early_stopping": 3,
    "checkpoints": null,
    "lr": 0.001,
    "reg": 0.002,
    "filters_per_layer": [
      64
    ],
    "layers_per_block": 8,
    "pool_every": 4,
    "hidden_dims": [
      100
    ],
    "model_type": "cnn",
    "kw": {}
  },
  "results": {
    "num_epochs": 8,
    "train_loss": [
      2.3036583781242372,
      2.30291463136673,
      2.303020956516266,
      2.302763738632202,
      2.3027327418327332,
      2.3026672911643984,
      2.302831382751465,
      2.302752585411072
    ],
    "train_acc": [
      9.8203125,
      10.140625,
      10.0625,
      9.8828125,
      10.0234375,
      9.7421875,
      9.9453125,
      9.921875
    ],
    "test_loss": [
      2.303121886253357,
      2.3030273008346556,
      2.3025461077690124,
      2.3025056958198546,
      2.302330718040466,
      2.3025755286216736,
      2.302643663883209,
      2.302683048248291
    ],
    "test_acc": [
      9.65625,
      10.125,
      10.125,
      10.125,
      10.21875,
      10.21875,
      10.125,
      9.625
    ]
  }
}