{
  "config": {
    "run_name": "exp1_2_L8_K128",
    "out_dir": "./results",
    "seed": 47356109,
    "device": null,
    "bs_train": 128,
    "bs_test": 32,
    "batches": 100,
    "epochs": 30,
    "early_stopping": 3,
    "checkpoints": null,
    "lr": 0.001,
    "reg": 0.002,
    "filters_per_layer": [
      128
    ],
    "layers_per_block": 8,
    "pool_every": 4,
    "hidden_dims": [
      100
    ],
    "model_type": "cnn",
    "kw": {}
  },
  "results": {
    "num_epochs": 6,
    "train_loss": [
      2.303720467090607,
      2.3027498602867125,
      2.302711696624756,
      2.3028218746185303,
      2.3025381898880006,
      2.302845857143402
    ],
    "train_acc": [
      9.1953125,
      9.828125,
      10.1171875,
      10.109375,
      10.34375,
      9.875
    ],
    "test_loss": [
      2.3027879118919374,
      2.302678611278534,
      2.302881886959076,
      2.3027427554130555,
      2.3026974511146547,
      2.302780866622925
    ],
    "test_acc": [
      9.625,
      9.84375,
      9.96875,
      9.84375,
      9.84375,
      9.84375
    ]
  }
}