{
  "config": {
    "run_name": "exp1_2_L8_K32",
    "out_dir": "./results",
    "seed": 1376497477,
    "device": null,
    "bs_train": 128,
    "bs_test": 32,
    "batches": 100,
    "epochs": 30,
    "early_stopping": 3,
    "checkpoints": null,
    "lr": 0.001,
    "reg": 0.002,
    "filters_per_layer": [
      32
    ],
    "layers_per_block": 8,
    "pool_every": 4,
    "hidden_dims": [
      100
    ],
    "model_type": "cnn",
    "kw": {}
  },
  "results": {
    "num_epochs": 5,
    "train_loss": [
      2.3039105796813963,
      2.303053095340729,
      2.3029058027267455,
      2.3030106139183046,
      2.3028014063835145
    ],
    "train_acc": [
      9.7109375,
      10.0390625,
      10.15625,
      9.7109375,
      9.9453125
    ],
    "test_loss": [
      2.3032430672645567,
      2.302540051937103,
      2.302788705825806,
      2.3026969742774965,
      2.302899622917175
    ],
    "test_acc": [
      9.75,
      10.46875,
      10.21875,
      9.65625,
      9.84375
    ]
  }
}