{
  "config": {
    "run_name": "exp1_4_L32_K32",
    "out_dir": "./results",
    "seed": 1799539786,
    "device": null,
    "bs_train": 128,
    "bs_test": 32,
    "batches": 100,
    "epochs": 30,
    "early_stopping": 3,
    "checkpoints": null,
    "lr": 0.001,
    "reg": 0.002,
    "filters_per_layer": [
      32
    ],
    "layers_per_block": 32,
    "pool_every": 8,
    "hidden_dims": [
      100
    ],
    "model_type": "resnet",
    "kw": {}
  },
  "results": {
    "num_epochs": 8,
    "train_loss": [
      2.238801600933075,
      2.071690307855606,
      1.9640489995479584,
      1.8729070556163787,
      1.8422931349277496,
      1.7963505697250366,
      1.7891524386405946,
      1.7594750487804414
    ],
    "train_acc": [
      16.6015625,
      24.421875,
      27.9921875,
      31.28125,
      32.3515625,
      34.2421875,
      33.9765625,
      35.921875
    ],
    "test_loss": [
      2.148426287174225,
      2.019311751127243,
      1.9189469718933105,
      1.8345433056354523,
      1.8046983242034913,
      1.7805054593086242,
      1.7674150943756104,
      1.7657621443271636
    ],
    "test_acc": [
      21.34375,
      25.375,
      32.5,
      34.65625,
      36.40625,
      35.09375,
      35.375,
      35.4375
    ]
  }
}