{
  "config": {
    "run_name": "exp1_4_L4_K64-128-256",
    "out_dir": "./results",
    "seed": 114056073,
    "device": null,
    "bs_train": 128,
    "bs_test": 32,
    "batches": 100,
    "epochs": 30,
    "early_stopping": 3,
    "checkpoints": null,
    "lr": 0.001,
    "reg": 0.002,
    "filters_per_layer": [
      64,
      128,
      256
    ],
    "layers_per_block": 4,
    "pool_every": 8,
    "hidden_dims": [
      100
    ],
    "model_type": "resnet",
    "kw": {}
  },
  "results": {
    "num_epochs": 14,
    "train_loss": [
      1.8475815045833588,
      1.5706504595279693,
      1.490283398628235,
      1.406822646856308,
      1.3833453023433686,
      1.3339876854419708,
      1.313534026145935,
      1.2808091032505036,
      1.230109691619873,
      1.2140677547454835,
      1.1945959532260895,
      1.1591763663291932,
      1.1463245445489882,
      1.1201282340288161
    ],
    "train_acc": [
      34.140625,
      43.515625,
      46.3203125,
      49.171875,
      50.3984375,
      51.4375,
      52.6796875,
      53.7578125,
      55.75,
      56.71875,
      56.6953125,
      58.65625,
      59.484375,
      60.4921875
    ],
    "test_loss": [
      1.6609604561328888,
      1.5278394532203674,
      1.435490334033966,
      1.4170189040899277,
      1.333135151863098,
      1.3260140335559845,
      1.3490777862071992,
      1.2598710316419601,
      1.2774108093976975,
      1.2207198923826217,
      1.1654755651950837,
      1.1804625189304352,
      1.196933873295784,
      1.194839850664139
    ],
    "test_acc": [
      40.53125,
      45.59375,
      47.34375,
      48.40625,
      51.6875,
      51.9375,
      50.40625,
      54.46875,
      53.78125,
      56.5,
      58.09375,
      57.15625,
      56.84375,
      57.0
    ]
  }
}