{
  "config": {
    "run_name": "exp1_1_L4_K64",
    "out_dir": "./results",
    "seed": 1845516972,
    "device": null,
    "bs_train": 128,
    "bs_test": 32,
    "batches": 100,
    "epochs": 30,
    "early_stopping": 3,
    "checkpoints": null,
    "lr": 0.001,
    "reg": 0.002,
    "filters_per_layer": [
      64
    ],
    "layers_per_block": 4,
    "pool_every": 4,
    "hidden_dims": [
      100
    ],
    "model_type": "cnn",
    "kw": {}
  },
  "results": {
    "num_epochs": 16,
    "train_loss": [
      1.996397043466568,
      1.6465306842327119,
      1.519665697813034,
      1.4110690236091614,
      1.3569307291507722,
      1.2848930060863495,
      1.2067278426885606,
      1.166244238615036,
      1.1242354613542558,
      1.0784499341249465,
      1.037660031914711,
      0.9948613953590393,
      0.979688475728035,
      0.9341026026010514,
      0.9300648492574691,
      0.8736566150188446
    ],
    "train_acc": [
      27.1640625,
      40.1640625,
      44.8984375,
      48.6328125,
      50.546875,
      53.4453125,
      56.53125,
      58.0859375,
      59.5859375,
      61.6640625,
      62.6875,
      64.4375,
      64.8828125,
      67.125,
      67.03125,
      69.3046875
    ],
    "test_loss": [
      1.7288753771781922,
      1.5968660581111909,
      1.450116934776306,
      1.369205465912819,
      1.365747014284134,
      1.2362687700986863,
      1.2977031260728835,
      1.2321746963262559,
      1.228850081562996,
      1.1297232401371002,
      1.0441086798906327,
      1.0688814783096314,
      1.0060493576526641,
      1.0862052607536317,
      1.013595046401024,
      1.020256688594818
    ],
    "test_acc": [
      39.03125,
      42.71875,
      47.34375,
      49.34375,
      51.78125,
      55.4375,
      52.84375,
      56.34375,
      56.21875,
      60.4375,
      62.71875,
      62.78125,
      65.03125,
      61.53125,
      64.53125,
      64.3125
    ]
  }
}