{
  "config": {
    "run_name": "exp1_4_L8_K32",
    "out_dir": "./results",
    "seed": 922315902,
    "device": null,
    "bs_train": 128,
    "bs_test": 32,
    "batches": 100,
    "epochs": 30,
    "early_stopping": 3,
    "checkpoints": null,
    "lr": 0.001,
    "reg": 0.002,
    "filters_per_layer": [
      32
    ],
    "layers_per_block": 8,
    "pool_every": 8,
    "hidden_dims": [
      100
    ],
    "model_type": "resnet",
    "kw": {}
  },
  "results": {
    "num_epochs": 30,
    "train_loss": [
      1.9708858346939087,
      1.7438705837726594,
      1.6655330157279968,
      1.6059058320522308,
      1.5842412543296813,
      1.5564647471904756,
      1.5320929825305938,
      1.5119177627563476,
      1.4947722387313842,
      1.4596924555301667,
      1.476516226530075,
      1.4245791471004485,
      1.428607668876648,
      1.3792767798900605,
      1.3721175050735475,
      1.352317272424698,
      1.3245448637008668,
      1.2888684463500977,
      1.2595568573474885,
      1.2603461706638337,
      1.2394653570652008,
      1.193476597070694,
      1.1657977056503297,
      1.155879203081131,
      1.1365367239713668,
      1.1192883783578873,
      1.1191733461618423,
      1.06280866086483,
      1.0555792671442032,
      1.061775249838829
    ],
    "train_acc": [
      29.5078125,
      38.8515625,
      41.5078125,
      43.296875,
      44.28125,
      45.2109375,
      45.5703125,
      46.4921875,
      46.9140625,
      48.2109375,
      47.3203125,
      49.328125,
      49.0,
      50.7421875,
      50.6328125,
      51.71875,
      52.609375,
      53.8125,
      54.4609375,
      54.8359375,
      55.4375,
      58.109375,
      58.640625,
      58.984375,
      59.859375,
      60.5234375,
      60.1328125,
      62.515625,
      62.734375,
      61.734375
    ],
    "test_loss": [
      1.7822356045246124,
      1.6823403775691985,
      1.6165444564819336,
      1.5802064526081085,
      1.5474756002426147,
      1.5285974872112273,
      1.49911789894104,
      1.5003554594516755,
      1.4864481246471406,
      1.4448040914535523,
      1.440646904706955,
      1.4752115356922149,
      1.4170833003520966,
      1.3821139830350875,
      1.3755733746290206,
      1.3282816725969315,
      1.3310252565145493,
      1.3172199982404709,
      1.3259134340286254,
      1.2795950752496719,
      1.2571255832910537,
      1.207266230583191,
      1.2268303841352464,
      1.1563333404064178,
      1.163004812002182,
      1.1846622866392136,
      1.1469153761863708,
      1.1353880488872528,
      1.1603142040967942,
      1.1121446228027343
    ],
    "test_acc": [
      39.75,
      40.8125,
      42.90625,
      44.40625,
      44.59375,
      44.59375,
      47.28125,
      46.40625,
      46.625,
      47.9375,
      48.34375,
      46.375,
      49.53125,
      49.375,
      50.375,
      51.78125,
      51.34375,
      51.8125,
      51.75,
      55.03125,
      54.71875,
      56.40625,
      56.34375,
      58.0625,
      58.125,
      57.28125,
      60.21875,
      58.4375,
      58.46875,
      60.03125
    ]
  }
}