{
  "config": {
    "run_name": "exp1_1_L16_K32",
    "out_dir": "./results",
    "seed": 1951860776,
    "device": null,
    "bs_train": 128,
    "bs_test": 32,
    "batches": 100,
    "epochs": 30,
    "early_stopping": 3,
    "checkpoints": null,
    "lr": 0.001,
    "reg": 0.002,
    "filters_per_layer": [
      32
    ],
    "layers_per_block": 16,
    "pool_every": 4,
    "hidden_dims": [
      100
    ],
    "model_type": "cnn",
    "kw": {}
  },
  "results": {
    "num_epochs": 5,
    "train_loss": [
      2.303234145641327,
      2.302807400226593,
      2.303060941696167,
      2.3027345156669616,
      2.3027736353874206
    ],
    "train_acc": [
      10.1328125,
      10.25,
      9.8203125,
      10.0625,
      9.8984375
    ],
    "test_loss": [
      2.303165948390961,
      2.3029917025566102,
      2.3026665329933165,
      2.302519156932831,
      2.3025710821151733
    ],
    "test_acc": [
      9.84375,
      9.96875,
      9.84375,
      9.84375,
      9.65625
    ]
  }
}