{
  "config": {
    "run_name": "exp2_L6_K32-64-128",
    "out_dir": "./results",
    "seed": 1958440875,
    "device": null,
    "bs_train": 128,
    "bs_test": 32,
    "batches": 100,
    "epochs": 30,
    "early_stopping": 3,
    "checkpoints": null,
    "lr": 0.001,
    "reg": 0.002,
    "filters_per_layer": [
      32,
      64,
      128
    ],
    "layers_per_block": 6,
    "pool_every": 8,
    "hidden_dims": [
      100
    ],
    "model_type": "ycnn",
    "kw": {}
  },
  "results": {
    "num_epochs": 21,
    "train_loss": [
      2.2203900921344757,
      1.944694411754608,
      1.8176933228969574,
      1.765139273405075,
      1.7092096757888795,
      1.657951867580414,
      1.5968105053901673,
      1.5510864663124084,
      1.515405260324478,
      1.4657514691352844,
      1.423237693309784,
      1.3788457810878754,
      1.333924981355667,
      1.3028441190719604,
      1.2449125730991364,
      1.2111694407463074,
      1.186597718000412,
      1.1308851313591004,
      1.1170352321863175,
      1.0719317531585693,
      1.058688498735428
    ],
    "train_acc": [
      17.1875,
      28.9921875,
      33.03125,
      35.125,
      37.6875,
      39.7265625,
      41.6875,
      43.796875,
      44.8203125,
      46.71875,
      48.453125,
      50.4765625,
      52.0546875,
      53.296875,
      55.6484375,
      56.2734375,
      58.0234375,
      59.3984375,
      60.7890625,
      62.5078125,
      62.5859375
    ],
    "test_loss": [
      2.030108219385147,
      1.839574520587921,
      1.813290433883667,
      1.6729104673862458,
      1.659937129020691,
      1.6646028447151184,
      1.6352478873729706,
      1.5452851378917694,
      1.4211488890647888,
      1.3729356265068053,
      1.4062407636642456,
      1.292608253955841,
      1.2888823956251145,
      1.2067284435033798,
      1.1647792971134185,
      1.147590999007225,
      1.1929246377944946,
      1.0544676953554153,
      1.0780315488576888,
      1.06658478140831,
      1.1289533442258834
    ],
    "test_acc": [
      26.25,
      33.40625,
      34.59375,
      39.34375,
      40.21875,
      40.21875,
      41.375,
      43.84375,
      48.46875,
      50.21875,
      48.96875,
      53.75,
      53.3125,
      56.21875,
      56.8125,
      58.46875,
      56.96875,
      62.09375,
      61.625,
      61.25,
      59.875
    ]
  }
}