{
  "config": {
    "run_name": "exp2_L3_K32-64-128",
    "out_dir": "./results",
    "seed": 358162823,
    "device": null,
    "bs_train": 128,
    "bs_test": 32,
    "batches": 100,
    "epochs": 30,
    "early_stopping": 3,
    "checkpoints": null,
    "lr": 0.001,
    "reg": 0.002,
    "filters_per_layer": [
      32,
      64,
      128
    ],
    "layers_per_block": 3,
    "pool_every": 8,
    "hidden_dims": [
      100
    ],
    "model_type": "ycnn",
    "kw": {}
  },
  "results": {
    "num_epochs": 21,
    "train_loss": [
      2.1847070908546447,
      1.8942764711380005,
      1.7334113430976867,
      1.6523715126514436,
      1.5764693081378938,
      1.5051802432537078,
      1.4631872510910033,
      1.4216092336177826,
      1.3775687026977539,
      1.3489289903640747,
      1.31054807305336,
      1.2932413709163666,
      1.2568850922584534,
      1.2268703866004944,
      1.1824766027927398,
      1.154044940471649,
      1.1202284890413283,
      1.0842061066627502,
      1.0842036551237106,
      1.0548386013507842,
      1.0545252281427384
    ],
    "train_acc": [
      22.40625,
      31.3515625,
      37.515625,
      40.390625,
      43.234375,
      46.3828125,
      47.34375,
      48.75,
      50.5546875,
      52.15625,
      52.8359375,
      53.4921875,
      54.9765625,
      55.9609375,
      58.3515625,
      59.109375,
      59.921875,
      61.3515625,
      61.7265625,
      62.34375,
      62.828125
    ],
    "test_loss": [
      1.9434140372276305,
      1.7587232780456543,
      1.6230013871192932,
      1.665747231245041,
      1.492302964925766,
      1.440183571577072,
      1.3918149662017822,
      1.3592852783203124,
      1.3404788428544998,
      1.3489500159025192,
      1.2787049311399459,
      1.249568983912468,
      1.2236313998699189,
      1.168254747390747,
      1.144686982035637,
      1.1193800681829453,
      1.1056571894884109,
      1.0841564047336578,
      1.1095463103055954,
      1.130446480512619,
      1.081358425617218
    ],
    "test_acc": [
      28.78125,
      38.0,
      41.3125,
      39.40625,
      45.53125,
      48.1875,
      49.71875,
      50.59375,
      51.0,
      51.5,
      54.5625,
      54.90625,
      55.84375,
      58.5625,
      58.40625,
      59.1875,
      59.6875,
      61.5625,
      60.21875,
      59.9375,
      61.09375
    ]
  }
}