{
  "config": {
    "run_name": "exp2_L12_K32-64-128",
    "out_dir": "./results",
    "seed": 612015427,
    "device": null,
    "bs_train": 128,
    "bs_test": 32,
    "batches": 100,
    "epochs": 30,
    "early_stopping": 3,
    "checkpoints": null,
    "lr": 0.001,
    "reg": 0.002,
    "filters_per_layer": [
      32,
      64,
      128
    ],
    "layers_per_block": 12,
    "pool_every": 8,
    "hidden_dims": [
      100
    ],
    "model_type": "ycnn",
    "kw": {}
  },
  "results": {
    "num_epochs": 21,
    "train_loss": [
      2.229691379070282,
      2.0398718798160553,
      1.9813072109222412,
      1.9105010902881623,
      1.8494967198371888,
      1.8137536084651946,
      1.7738759160041808,
      1.7330619275569916,
      1.7040956139564514,
      1.6821023607254029,
      1.644908252954483,
      1.6197838068008423,
      1.5890392208099364,
      1.550856419801712,
      1.527127491235733,
      1.5073751628398895,
      1.4861765706539154,
      1.449475373029709,
      1.445600734949112,
      1.4279099249839782,
      1.4279182529449463
    ],
    "train_acc": [
      15.0,
      24.3203125,
      26.828125,
      28.890625,
      30.6328125,
      31.90625,
      34.140625,
      35.578125,
      36.890625,
      37.859375,
      39.0546875,
      40.2890625,
      41.2578125,
      42.5390625,
      44.28125,
      44.421875,
      45.515625,
      46.6796875,
      47.7421875,
      48.3359375,
      47.9453125
    ],
    "test_loss": [
      2.237472859621048,
      2.1244674158096313,
      1.889244283437729,
      1.9243730580806733,
      1.8297254753112793,
      1.7502494716644288,
      1.7274206745624543,
      1.7199394094944,
      1.6385769605636598,
      1.5843785858154298,
      1.6326850616931916,
      1.5611606705188752,
      1.517953931093216,
      1.4340414345264434,
      1.5349941504001618,
      1.4545624983310699,
      1.392985337972641,
      1.3748603403568267,
      1.3884644198417664,
      1.3675987696647645,
      1.4191174447536468
    ],
    "test_acc": [
      18.65625,
      21.34375,
      30.53125,
      28.625,
      31.75,
      34.6875,
      35.375,
      36.78125,
      39.21875,
      41.5625,
      38.75,
      43.5625,
      43.8125,
      47.125,
      44.15625,
      46.96875,
      49.15625,
      49.65625,
      49.3125,
      49.65625,
      49.09375
    ]
  }
}