{
  "config": {
    "run_name": "exp2_L9_K32-64-128",
    "out_dir": "./results",
    "seed": 1592091952,
    "device": null,
    "bs_train": 128,
    "bs_test": 32,
    "batches": 100,
    "epochs": 30,
    "early_stopping": 3,
    "checkpoints": null,
    "lr": 0.001,
    "reg": 0.002,
    "filters_per_layer": [
      32,
      64,
      128
    ],
    "layers_per_block": 9,
    "pool_every": 8,
    "hidden_dims": [
      100
    ],
    "model_type": "ycnn",
    "kw": {}
  },
  "results": {
    "num_epochs": 30,
    "train_loss": [
      2.2064251041412355,
      2.0075370657444,
      1.9306878626346589,
      1.8669549202919007,
      1.8053954780101775,
      1.7502219021320342,
      1.715991872549057,
      1.6602694523334502,
      1.6025622856616974,
      1.5660738253593445,
      1.5637351024150847,
      1.5236957848072052,
      1.4957428193092346,
      1.4890315663814544,
      1.4699997687339783,
      1.4553405523300171,
      1.4226804959774018,
      1.415860185623169,
      1.3813971364498139,
      1.333934930562973,
      1.345339744091034,
      1.3299299824237822,
      1.3069538915157317,
      1.2763097178936005,
      1.2556571757793427,
      1.2391044944524765,
      1.2191260528564454,
      1.1708704483509065,
      1.1662408941984177,
      1.1450933176279068
    ],
    "train_acc": [
      16.96875,
      26.0625,
      27.9921875,
      31.3203125,
      33.515625,
      35.9375,
      37.203125,
      39.421875,
      40.828125,
      43.1875,
      42.9765625,
      44.21875,
      45.8515625,
      46.1640625,
      47.2265625,
      47.59375,
      48.6484375,
      48.7890625,
      49.7890625,
      52.0,
      51.3671875,
      52.6953125,
      53.0390625,
      54.0234375,
      54.8828125,
      55.71875,
      56.3671875,
      58.4453125,
      58.28125,
      59.3515625
    ],
    "test_loss": [
      2.0130774402618408,
      1.9362238872051238,
      1.8662660336494445,
      1.825527926683426,
      1.7855937349796296,
      1.6759000837802887,
      1.6164205729961396,
      1.5990453636646271,
      1.55716348528862,
      1.53422745347023,
      1.4815411746501923,
      1.4532422566413878,
      1.4139948785305023,
      1.440009640455246,
      1.4384935534000396,
      1.3846415460109711,
      1.4012799167633057,
      1.328512372970581,
      1.3244962978363037,
      1.3237172317504884,
      1.2948276007175445,
      1.239853788614273,
      1.2237625259160996,
      1.2613087230920792,
      1.186008051633835,
      1.2007750600576401,
      1.179418487548828,
      1.2184849137067795,
      1.1505677491426467,
      1.2686196655035018
    ],
    "test_acc": [
      25.40625,
      30.0625,
      30.90625,
      33.65625,
      36.5,
      38.3125,
      40.5,
      42.15625,
      43.0625,
      44.15625,
      46.21875,
      46.78125,
      47.96875,
      47.71875,
      47.75,
      49.65625,
      48.3125,
      51.28125,
      52.40625,
      52.71875,
      53.03125,
      55.09375,
      56.09375,
      56.25,
      57.90625,
      56.75,
      57.96875,
      56.375,
      58.71875,
      54.46875
    ]
  }
}